insert into movie (id, title, genre, age_limit, duration, release_year, country, description, image_name) values (1, 'Skazani na Shawshank', 'DRAMAT', 'MIN_15', 142, 1994, 'USA', 'Film nakręcony na podstawie książki mistrza horrorów Stephena Kinga. Andy Dufresne (Tim Robbins), dobrze zarabiający bankier z Nowej Anglii, zostaje oskarżony o podwójne zabójstwo - swojej żony i jej kochanka. Uparcie twierdzi, że jest niewinny, ale dzięki niezbitym dowodom zostaje skazany na podwójne dożywocie w więzieniu Shawshank. Shawshank rządzi hipokryta i fanatyk biblijny, naczelnik Norton (Bob Gunton), a wraz z nim sadystyczni strażnicy. Andy już po kilku dniach poznaje brutalną, więzienną rzeczywistość, ale dzięki wrodzonej inteligencji, sprytowi oraz pomocy przyjaciela Ellisa Boyda "Reda" Reddinga (Morgan Freeman) udaje mu się zachować nadzieję, która pozwoli dokonać zemsty.', 'skazani_na_shawshank.jpg');
insert into movie (id, title, genre, age_limit, duration, release_year, country, description, image_name) values (2, 'Zielona mila', 'DRAMAT', 'MIN_15', 188, 1999, 'USA', 'Rok 1935. Paul Edgecombe (Tom Hanks) jest jednym ze strażników bloku śmierci w więzieniu Cold Mountain. Do jego obowiązków należy odprowadzanie skazańców do celi śmierci długim korytarzem, wyłożonym zieloną wykładziną, zwaną "Zieloną milą". Pewnego dnia do więzienia przybywa olbrzymi czarnoskóry skazaniec, John Coffey (Michael Clarke Duncan). Ma oczekiwać na karę śmierci za zamordowanie dwóch białych dziewczynek. Jego wizyta na zawsze zmieni życie Paula i pozostałych pracowników więzienia.', 'zielona_mila.jpg');
insert into movie (id, title, genre, age_limit, duration, release_year, country, description, image_name) values (3, 'Pulp Fiction', 'GANGSTERSKI', 'MIN_18', 154, 1994, 'USA', 'Płatni mordercy, Jules (Samuel L. Jackson) i Vincent (John Travolta), dostają zlecenie, by odzyskać z rąk przypadkowych rabusiów tajemniczą walizkę bossa mafii. Nie dość tego, Vincent dostaje kolejną robotę - na czas nieobecności gangstera w mieście ma zaopiekować się jego poszukującą wrażeń żoną Mią (Uma Thurman). Vincent i Jules niespodziewanie wpadają po uszy, gdy przypadkowo zabijają zakładnika. Kłopoty ma też podupadły bokser (Bruce Willis), który otrzymał dużą sumę za przegranie swojej walki. Walkę jednak wygrywa, a Los Angeles staje się od tej chwili dla niego za małe. Specjaliści od mokrej roboty będą mieli co robić...', 'pulp_fiction.jpg');
insert into movie (id, title, genre, age_limit, duration, release_year, country, description, image_name) values (4, 'Milczenie owiec', 'THRILLER', 'MIN_15', 118, 1991, 'USA', 'Agentce FBI, Clarise Starling (Jodie Foster), zostaje powierzona sprawa "Buffalo Billa", seryjnego mordercy wyróżniającego się szczególnym okrucieństwem wobec swych ofiar, które odziera ze skóry. Sprawę pomaga jej rozwikłać inny, niezwykle inteligentny i niebezpieczny morderca - Hannibal Lecter (Anthony Hopkins) - pacjent więziennego centrum psychiatrycznego. Hannibal jest zauroczony Clarice, a w zamian za odkrywanie przez nią części swej przeszłości, kawałek po kawałku odkrywa dla niej tajemnicę morderstw.', 'milczenie_owiec.jpg');
insert into movie (id, title, genre, age_limit, duration, release_year, country, description, image_name) values (5, 'Dwunastu gniewnych ludzi', 'DRAMAT', 'MIN_15', 96, 1957, 'USA', 'Dwunastu przysięgłych w procesie o morderstwo rozpatruje kwestię winy. Wszyscy poza jednym są pewni, że oskarżony zamordował swego ojca. Jednak wyrok musi być jednomyślny. Rozpętuje się gorąca dyskusja, w toku której wątpiący przekonuje innych do swego zdania.', 'dwunastu_gniewnych_ludzi.jpg');
insert into movie (id, title, genre, age_limit, duration, release_year, country, description, image_name) values (6, 'Forrest Gump', 'KOMEDIA', 'MIN_12', 142, 1994, 'USA', '"Forrest Gump" to romantyczna historia, w której Tom Hanks wcielił się w tytułową postać - nierozgarniętego młodego człowieka o wielkim sercu i zdolności do odnajdywania się w największych wydarzeniach w historii USA, począwszy od swego dzieciństwa w latach 50-tych. Po tym, jak staje się gwiazdą footballu, odznaczonym bohaterem wojennym i odnoszącym sukcesy biznesmenem, główny bohater zyskuje status osobistości, lecz nigdy nie rezygnuje z poszukiwania tego, co dla niego najważniejsze - miłości swej przyjaciółki, Jenny Curran.', 'forrest_gump.jpg');
insert into movie (id, title, genre, age_limit, duration, release_year, country, description, image_name) values (7, 'Nietykalni', 'BIOGRAFICZNY', 'MIN_12', 112, 2011, 'FRANCE', 'Ta historia zdarzyła się naprawdę. Sparaliżowany na skutek wypadku milioner zatrudnia do pomocy i opieki młodego chłopaka z przedmieścia, który właśnie wyszedł z więzienia. Zderzenie dwóch skrajnie różnych światów daje początek szeregowi niewiarygodnych przygód i przyjaźni, która czyni ich... nietykalnymi.', 'nietykalni.jpg');
insert into movie (id, title, genre, age_limit, duration, release_year, country, description, image_name) values (8, 'Pianista', 'BIOGRAFICZNY', 'MIN_12', 150, 2002, 'POLAND', 'Ekranizacja wspomnień Władysława Szpilmana. W roli głównej Adrien Brody ("Cienka czerwona linia", "Mordercze lato").  Władysław Szpilman, wybitny polski pianista żydowskiego pochodzenia żyje w warszawskim getcie. Dzieli tam okrutny los i upokorzenie swojego narodu. Przed ostateczną "wywózką" mieszkańców getta do obozów zagłady udaje mu się stamtąd uciec. Ukrywa się samotnie w ruinach Warszawy. Niespodziewanie to przyjaźń z niemieckim oficerem pozwoli mu przetrwać najcięższy okres... ', 'pianista.jpg');
insert into movie (id, title, genre, age_limit, duration, release_year, country, description, image_name) values (9, 'Król Lew', 'ANIMOWANY', 'B_O', 89, 1994, 'USA', 'Film opowiada o losach Simby, młodego lwa, który - oskarżony o nieumyślne zabójstwo swojego ojca, króla Lwiej Skały - zostaje skazany na wygnanie. Władzę w królestwie obejmuje Skaza, brat zmarłego władcy. Mija kilka lat. Pewnego dnia Simba spotyka dawną przyjaciółkę, od której dowiaduje się, że królestwo chyli się ku upadkowi. Młody następca tronu postanawia powrócić do dawnej ojczyzny i odzyskać zabrany mu podstępem tron.', 'krol_lew.jpg');
insert into movie (id, title, genre, age_limit, duration, release_year, country, description, image_name) values (10, 'Slumdog. Milioner z ulicy', 'DRAMAT', 'MIN_12', 120, 2008, 'GREAT_BRITAIN', 'Jamal, mieszkaniec slumsów Bombaju, w wieku 18 lat bierze udział w hinduskiej wersji "Milionerów". Od finałowej wygranej dzieli go ostatnie pytanie, jednak zanim zdąży na nie odpowiedzieć, aresztuje go policja. Funkcjonariusze chcą się dowiedzieć jak chłopak może wiedzieć tak dużo. Jamal opowiada prawdziwą historię dzieciństwa, przemocy i miłości swojego życia. To ulica była jego szkołą. Szkołą przetrwania...', 'slumdog.jpg');
insert into movie (id, title, genre, age_limit, duration, release_year, country, description, image_name) values (11, 'Ojciec chrzestny', 'GANGSTERSKI', 'MIN_18', 175, 1972, 'USA', 'USA, koniec II wojny światowej. Szefem nowojorskiej mafii jest sędziwy Don Vito Corleone (Marlon Brando), a jego pomocnikami są synowie: Sonny (James Caan) i Fredo (John Cazale) oraz inteligentny i rozważny Irlandczyk, Tom Hagen (Robert Duvall). Trzeci syn Vito, Michael (Al Pacino), absolwent wyższej uczelni, jest przeciwny działalności ojca. Pewnego dnia rodzina Corleone, odmawiając udziału w dystrybucji narkotyków, staje się niepotrzebną przeszkodą dla innych mafii. Dochodzi do nieudanego zamachu na Dona Corleone, a następnie do "wielkiej wojny" nowojorskich gangów, w której niespodziewanie odegra kluczową rolę Michael.', 'ojciec_chrzestny.jpg');

insert into auditorium(id, name, rows, columns) values (1, 'A', 9, 18);
insert into auditorium(id, name, rows, columns) values (2, 'B', 8, 22);
insert into auditorium(id, name, rows, columns) values (3, 'C', 8, 18);
insert into auditorium(id, name, rows, columns) values (4, 'D', 10, 12);
insert into auditorium(id, name, rows, columns) values (5, 'E', 14, 12);
insert into auditorium(id, name, rows, columns) values (6, 'F', 10, 8);
insert into auditorium(id, name, rows, columns) values (7, 'G', 9, 9);
insert into auditorium(id, name, rows, columns) values (8, 'H', 7, 9);
insert into auditorium(id, name, rows, columns) values (9, 'I', 8, 11);
insert into auditorium(id, name, rows, columns) values (10, 'J', 11, 12);

insert into show (id, movie_id, auditorium_id, show_date, show_time) values (1, 1, 1, CURRENT_DATE, '11:30');
insert into show (id, movie_id, auditorium_id, show_date, show_time) values (2, 1, 1, CURRENT_DATE, '15:15');
insert into show (id, movie_id, auditorium_id, show_date, show_time) values (3, 1, 3, CURRENT_DATE, '20:00');
insert into show (id, movie_id, auditorium_id, show_date, show_time) values (4, 1, 4, CURRENT_DATE + integer '1', '12:00');
insert into show (id, movie_id, auditorium_id, show_date, show_time) values (5, 1, 5, CURRENT_DATE + integer '1', '15:00');
insert into show (id, movie_id, auditorium_id, show_date, show_time) values (6, 1, 6, CURRENT_DATE + integer '1', '19:00');
insert into show (id, movie_id, auditorium_id, show_date, show_time) values (7, 1, 1, CURRENT_DATE + integer '1', '22:30');
insert into show (id, movie_id, auditorium_id, show_date, show_time) values (8, 1, 2, CURRENT_DATE + integer '2', '11:30');
insert into show (id, movie_id, auditorium_id, show_date, show_time) values (9, 1, 4, CURRENT_DATE + integer '2', '16:30');
insert into show (id, movie_id, auditorium_id, show_date, show_time) values (11, 1, 8, CURRENT_DATE + integer '2', '21:00');
insert into show (id, movie_id, auditorium_id, show_date, show_time) values (12, 1, 4, CURRENT_DATE + integer '3', '14:00');
insert into show (id, movie_id, auditorium_id, show_date, show_time) values (13, 1, 5, CURRENT_DATE + integer '3', '17:00');
insert into show (id, movie_id, auditorium_id, show_date, show_time) values (14, 1, 6, CURRENT_DATE + integer '3', '21:00');
insert into show (id, movie_id, auditorium_id, show_date, show_time) values (15, 1, 3, CURRENT_DATE + integer '4', '16:00');
insert into show (id, movie_id, auditorium_id, show_date, show_time) values (16, 1, 1, CURRENT_DATE + integer '4', '21:00');
insert into show (id, movie_id, auditorium_id, show_date, show_time) values (17, 1, 5, CURRENT_DATE + integer '5', '18:00');
insert into show (id, movie_id, auditorium_id, show_date, show_time) values (18, 1, 6, CURRENT_DATE + integer '6', '21:15');
insert into show (id, movie_id, auditorium_id, show_date, show_time) values (19, 2, 8, CURRENT_DATE, '12:00');
insert into show (id, movie_id, auditorium_id, show_date, show_time) values (20, 2, 1, CURRENT_DATE, '17:45');
insert into show (id, movie_id, auditorium_id, show_date, show_time) values (21, 2, 8, CURRENT_DATE, '21:00');
insert into show (id, movie_id, auditorium_id, show_date, show_time) values (22, 2, 7, CURRENT_DATE + integer '1', '14:00');
insert into show (id, movie_id, auditorium_id, show_date, show_time) values (23, 2, 10, CURRENT_DATE + integer '1', '18:00');
insert into show (id, movie_id, auditorium_id, show_date, show_time) values (24, 2, 3, CURRENT_DATE + integer '1', '21:00');
insert into show (id, movie_id, auditorium_id, show_date, show_time) values (25, 2, 2, CURRENT_DATE + integer '2', '10:30');
insert into show (id, movie_id, auditorium_id, show_date, show_time) values (26, 2, 1, CURRENT_DATE + integer '2', '14:30');
insert into show (id, movie_id, auditorium_id, show_date, show_time) values (27, 2, 4, CURRENT_DATE + integer '2', '19:30');
insert into show (id, movie_id, auditorium_id, show_date, show_time) values (28, 2, 6, CURRENT_DATE + integer '3', '12:00');
insert into show (id, movie_id, auditorium_id, show_date, show_time) values (29, 2, 8, CURRENT_DATE + integer '3', '16:00');
insert into show (id, movie_id, auditorium_id, show_date, show_time) values (30, 2, 7, CURRENT_DATE + integer '3', '18:00');
insert into show (id, movie_id, auditorium_id, show_date, show_time) values (31, 2, 4, CURRENT_DATE + integer '4', '21:00');
insert into show (id, movie_id, auditorium_id, show_date, show_time) values (32, 2, 3, CURRENT_DATE + integer '5', '16:00');
insert into show (id, movie_id, auditorium_id, show_date, show_time) values (33, 2, 2, CURRENT_DATE + integer '5', '21:00');
insert into show (id, movie_id, auditorium_id, show_date, show_time) values (34, 2, 7, CURRENT_DATE + integer '6', '18:00');
insert into show (id, movie_id, auditorium_id, show_date, show_time) values (35, 2, 8, CURRENT_DATE + integer '6', '21:15');
insert into show (id, movie_id, auditorium_id, show_date, show_time) values (36, 3, 9, CURRENT_DATE, '12:00');
insert into show (id, movie_id, auditorium_id, show_date, show_time) values (37, 3, 10, CURRENT_DATE + integer '1', '13:00');
insert into show (id, movie_id, auditorium_id, show_date, show_time) values (38, 3, 1, CURRENT_DATE + integer '1', '18:00');
insert into show (id, movie_id, auditorium_id, show_date, show_time) values (39, 3, 2, CURRENT_DATE + integer '2', '14:30');
insert into show (id, movie_id, auditorium_id, show_date, show_time) values (40, 3, 2, CURRENT_DATE + integer '2', '18:00');
insert into show (id, movie_id, auditorium_id, show_date, show_time) values (41, 3, 3, CURRENT_DATE + integer '3', '21:00');
insert into show (id, movie_id, auditorium_id, show_date, show_time) values (42, 3, 5, CURRENT_DATE + integer '4', '10:30');
insert into show (id, movie_id, auditorium_id, show_date, show_time) values (43, 3, 4, CURRENT_DATE + integer '4', '14:30');
insert into show (id, movie_id, auditorium_id, show_date, show_time) values (44, 3, 7, CURRENT_DATE + integer '4', '19:30');
insert into show (id, movie_id, auditorium_id, show_date, show_time) values (45, 3, 8, CURRENT_DATE + integer '5', '12:00');
insert into show (id, movie_id, auditorium_id, show_date, show_time) values (46, 3, 6, CURRENT_DATE + integer '5', '16:00');
insert into show (id, movie_id, auditorium_id, show_date, show_time) values (47, 3, 2, CURRENT_DATE + integer '5', '18:00');
insert into show (id, movie_id, auditorium_id, show_date, show_time) values (48, 3, 3, CURRENT_DATE + integer '6', '16:00');
insert into show (id, movie_id, auditorium_id, show_date, show_time) values (49, 3, 5, CURRENT_DATE + integer '6', '21:00');
insert into show (id, movie_id, auditorium_id, show_date, show_time) values (50, 4, 4, CURRENT_DATE, '12:00');
insert into show (id, movie_id, auditorium_id, show_date, show_time) values (51, 4, 7, CURRENT_DATE + integer '1', '13:00');
insert into show (id, movie_id, auditorium_id, show_date, show_time) values (52, 4, 8, CURRENT_DATE + integer '2', '18:00');
insert into show (id, movie_id, auditorium_id, show_date, show_time) values (53, 4, 9, CURRENT_DATE + integer '3', '14:30');
insert into show (id, movie_id, auditorium_id, show_date, show_time) values (54, 4, 9, CURRENT_DATE + integer '4', '18:00');
insert into show (id, movie_id, auditorium_id, show_date, show_time) values (55, 4, 3, CURRENT_DATE + integer '5', '21:00');
insert into show (id, movie_id, auditorium_id, show_date, show_time) values (56, 4, 10, CURRENT_DATE + integer '6', '10:30');
insert into show (id, movie_id, auditorium_id, show_date, show_time) values (57, 5, 2, CURRENT_DATE, '13:00');
insert into show (id, movie_id, auditorium_id, show_date, show_time) values (58, 5, 3, CURRENT_DATE + integer '1', '20:15');
insert into show (id, movie_id, auditorium_id, show_date, show_time) values (59, 5, 9, CURRENT_DATE + integer '2', '15:30');
insert into show (id, movie_id, auditorium_id, show_date, show_time) values (60, 5, 5, CURRENT_DATE + integer '2', '18:00');
insert into show (id, movie_id, auditorium_id, show_date, show_time) values (61, 5, 5, CURRENT_DATE + integer '3', '10:00');
insert into show (id, movie_id, auditorium_id, show_date, show_time) values (62, 5, 3, CURRENT_DATE + integer '3', '16:30');
insert into show (id, movie_id, auditorium_id, show_date, show_time) values (63, 5, 2, CURRENT_DATE + integer '4', '14:30');
insert into show (id, movie_id, auditorium_id, show_date, show_time) values (64, 5, 1, CURRENT_DATE + integer '4', '18:30');
insert into show (id, movie_id, auditorium_id, show_date, show_time) values (65, 5, 8, CURRENT_DATE + integer '5', '12:15');
insert into show (id, movie_id, auditorium_id, show_date, show_time) values (66, 5, 7, CURRENT_DATE + integer '5', '16:15');
insert into show (id, movie_id, auditorium_id, show_date, show_time) values (67, 5, 5, CURRENT_DATE + integer '5', '18:45');
insert into show (id, movie_id, auditorium_id, show_date, show_time) values (68, 5, 5, CURRENT_DATE + integer '6', '19:00');
insert into show (id, movie_id, auditorium_id, show_date, show_time) values (69, 6, 7, CURRENT_DATE + integer '2', '15:30');
insert into show (id, movie_id, auditorium_id, show_date, show_time) values (70, 6, 4, CURRENT_DATE + integer '2', '19:00');
insert into show (id, movie_id, auditorium_id, show_date, show_time) values (71, 6, 3, CURRENT_DATE + integer '3', '12:00');
insert into show (id, movie_id, auditorium_id, show_date, show_time) values (72, 6, 2, CURRENT_DATE + integer '3', '18:30');
insert into show (id, movie_id, auditorium_id, show_date, show_time) values (73, 6, 7, CURRENT_DATE + integer '4', '14:30');
insert into show (id, movie_id, auditorium_id, show_date, show_time) values (74, 6, 4, CURRENT_DATE + integer '4', '17:30');
insert into show (id, movie_id, auditorium_id, show_date, show_time) values (75, 6, 5, CURRENT_DATE + integer '4', '18:15');
insert into show (id, movie_id, auditorium_id, show_date, show_time) values (76, 6, 8, CURRENT_DATE + integer '5', '16:15');
insert into show (id, movie_id, auditorium_id, show_date, show_time) values (77, 6, 3, CURRENT_DATE + integer '6', '17:45');
insert into show (id, movie_id, auditorium_id, show_date, show_time) values (78, 6, 3, CURRENT_DATE + integer '6', '19:00');
insert into show (id, movie_id, auditorium_id, show_date, show_time) values (79, 7, 4, CURRENT_DATE + integer '2', '15:30');
insert into show (id, movie_id, auditorium_id, show_date, show_time) values (80, 7, 5, CURRENT_DATE + integer '2', '19:00');
insert into show (id, movie_id, auditorium_id, show_date, show_time) values (81, 7, 8, CURRENT_DATE + integer '3', '12:00');
insert into show (id, movie_id, auditorium_id, show_date, show_time) values (82, 7, 8, CURRENT_DATE + integer '3', '14:30');
insert into show (id, movie_id, auditorium_id, show_date, show_time) values (83, 7, 10, CURRENT_DATE + integer '3', '19:30');
insert into show (id, movie_id, auditorium_id, show_date, show_time) values (84, 7, 9, CURRENT_DATE + integer '4', '17:30');
insert into show (id, movie_id, auditorium_id, show_date, show_time) values (85, 8, 9, CURRENT_DATE, '18:15');
insert into show (id, movie_id, auditorium_id, show_date, show_time) values (86, 8, 2, CURRENT_DATE + integer '2', '16:15');
insert into show (id, movie_id, auditorium_id, show_date, show_time) values (87, 8, 3, CURRENT_DATE + integer '2', '19:45');
insert into show (id, movie_id, auditorium_id, show_date, show_time) values (88, 8, 5, CURRENT_DATE + integer '3', '13:00');
insert into show (id, movie_id, auditorium_id, show_date, show_time) values (89, 8, 10, CURRENT_DATE + integer '4', '15:30');
insert into show (id, movie_id, auditorium_id, show_date, show_time) values (90, 8, 6, CURRENT_DATE + integer '4', '19:00');
insert into show (id, movie_id, auditorium_id, show_date, show_time) values (91, 8, 7, CURRENT_DATE + integer '4', '22:00');
insert into show (id, movie_id, auditorium_id, show_date, show_time) values (92, 8, 8, CURRENT_DATE + integer '5', '14:30');
insert into show (id, movie_id, auditorium_id, show_date, show_time) values (93, 8, 2, CURRENT_DATE + integer '5', '19:30');
insert into show (id, movie_id, auditorium_id, show_date, show_time) values (94, 8, 1, CURRENT_DATE + integer '5', '21:20');
insert into show (id, movie_id, auditorium_id, show_date, show_time) values (95, 9, 3, CURRENT_DATE + integer '1', '18:15');
insert into show (id, movie_id, auditorium_id, show_date, show_time) values (96, 9, 3, CURRENT_DATE + integer '2', '16:15');
insert into show (id, movie_id, auditorium_id, show_date, show_time) values (97, 9, 4, CURRENT_DATE + integer '3', '19:45');
insert into show (id, movie_id, auditorium_id, show_date, show_time) values (98, 9, 5, CURRENT_DATE + integer '4', '13:00');
insert into show (id, movie_id, auditorium_id, show_date, show_time) values (99, 9, 6, CURRENT_DATE + integer '4', '15:30');
insert into show (id, movie_id, auditorium_id, show_date, show_time) values (100, 9, 5, CURRENT_DATE + integer '4', '19:00');
insert into show (id, movie_id, auditorium_id, show_date, show_time) values (101, 10, 7, CURRENT_DATE, '13:20');
insert into show (id, movie_id, auditorium_id, show_date, show_time) values (102, 10, 8, CURRENT_DATE + integer '1', '18:40');
insert into show (id, movie_id, auditorium_id, show_date, show_time) values (103, 10, 7, CURRENT_DATE + integer '2', '19:30');
insert into show (id, movie_id, auditorium_id, show_date, show_time) values (104, 10, 4, CURRENT_DATE + integer '2', '21:20');
insert into show (id, movie_id, auditorium_id, show_date, show_time) values (105, 10, 4, CURRENT_DATE + integer '3', '11:15');
insert into show (id, movie_id, auditorium_id, show_date, show_time) values (106, 10, 5, CURRENT_DATE + integer '3', '16:15');
insert into show (id, movie_id, auditorium_id, show_date, show_time) values (107, 10, 3, CURRENT_DATE + integer '3', '19:45');
insert into show (id, movie_id, auditorium_id, show_date, show_time) values (108, 10, 7, CURRENT_DATE + integer '4', '13:00');
insert into show (id, movie_id, auditorium_id, show_date, show_time) values (109, 10, 4, CURRENT_DATE + integer '4', '15:30');
insert into show (id, movie_id, auditorium_id, show_date, show_time) values (110, 10, 2, CURRENT_DATE + integer '6', '18:00');
insert into show (id, movie_id, auditorium_id, show_date, show_time) values (111, 10, 8, CURRENT_DATE + integer '6', '21:00');

insert into seat (id, auditorium_id, row, number) values (1, 1, 1, 1);
insert into seat (id, auditorium_id, row, number) values (2, 1, 1, 2);
insert into seat (id, auditorium_id, row, number) values (3, 1, 1, 3);
insert into seat (id, auditorium_id, row, number) values (4, 1, 1, 4);
insert into seat (id, auditorium_id, row, number) values (5, 1, 1, 5);
insert into seat (id, auditorium_id, row, number) values (6, 1, 1, 6);
insert into seat (id, auditorium_id, row, number) values (7, 1, 1, 7);
insert into seat (id, auditorium_id, row, number) values (8, 1, 1, 8);
insert into seat (id, auditorium_id, row, number) values (9, 1, 1, 9);
insert into seat (id, auditorium_id, row, number) values (10, 1, 1, 10);